CURRENT_0_BIAS,MOSFET_0_8_L_BIASCM_PMOS,MOSFET_0_8_M_BIASCM_PMOS,MOSFET_0_8_W_BIASCM_PMOS,MOSFET_17_7_L_BIASCM_NMOS,MOSFET_17_7_M_BIASCM_NMOS,MOSFET_17_7_W_BIASCM_NMOS,MOSFET_5_2_L_LOAD1_PMOS,MOSFET_5_2_M_LOAD1_PMOS,MOSFET_5_2_W_LOAD1_PMOS,MOSFET_8_2_L_gm1_PMOS,MOSFET_8_2_M_gm1_PMOS,MOSFET_8_2_W_gm1_PMOS,gen,index,av0,av17,av5,av8,ft0,ft17,ft5,ft8,gm0,gm17,gm5,gm8,CMRR,FOML,FOMS,FOM_AW,PSRR,SR,chip_area,d_settle,fitness,gain,gbw,ivdd_27,noise,pm,settlingTime,tc,vos,Topo,Tech_nodes,VDD,VCM,CL,RUN
47.1,0.2,2,2.07,0.5,1,0.888,0.2,5,0.12,0.2,3,1.74,24,30,31.8945002502677,4.39539295111742,20.0510127482281,40.2209798411927,6718190532.62474,2596373543.94411,16270010209.4596,6114774947.16675,0.000369301544513052,0.000312641036934018,0.000171892042499415,0.000408373378334915,10.6117783580481,28.1424387709222,35.4937818316375,57152010.7570713,4.11142422089274,1014546941.74787,3.47275107083707,0.389619477506879,-75.0110459627092,19.9576225657892,1279566000,0.000327731156882516,0.00102362759060844,56.01985,5.08000208786354e-06,0.000260066137286674,0.0710653438378315,"Cascode_Null_Pin_1",65,1.2,0.4,0.01,0
