CURRENT_0_BIAS,MOSFET_0_8_L_BIASCM_PMOS,MOSFET_0_8_M_BIASCM_PMOS,MOSFET_0_8_W_BIASCM_PMOS,MOSFET_17_7_L_BIASCM_NMOS,MOSFET_17_7_M_BIASCM_NMOS,MOSFET_17_7_W_BIASCM_NMOS,MOSFET_5_2_L_LOAD1_PMOS,MOSFET_5_2_M_LOAD1_PMOS,MOSFET_5_2_W_LOAD1_PMOS,MOSFET_8_2_L_gm1_PMOS,MOSFET_8_2_M_gm1_PMOS,MOSFET_8_2_W_gm1_PMOS,gen,index,av0,av17,av5,av8,ft0,ft17,ft5,ft8,gm0,gm17,gm5,gm8,CMRR,FOML,FOMS,FOM_AW,PSRR,SR,chip_area,d_settle,fitness,gain,gbw,ivdd_27,noise,pm,settlingTime,tc,vos,Topo,Tech_nodes,VDD,VCM,CL,RUN
148,0.4,1,2,0.4,1,4,0.4,1,2,0.4,1,2,23,50,24.2290563814936,4.12412452960701,21.4267592994831,61.4314728769974,9448596423.89563,6357780473.01482,10511340615.2253,8525684973.74075,0.000203760162513787,0.00108116765759338,0.000227622381196186,0.000168511458452187,21.8031905232955,5.9324132938993,2.21570071827133,65600496.7982426,12.9551529976337,2028174363.06527,4.56070170039655,0.164134659107514,-69.8032828666193,15.2204447990003,757504100,0.00106837547732839,0.00229119801482986,82.69582,3.37654680693916e-10,0.000632639252758745,0.0861979275878522,"Cascode_Null_Pin_1",65,3.3,1.6,0.01,1
99.2,0.4,1,2,0.4,1,2,0.4,1,2,0.4,1,2,29,22,27.8513308972532,4.6652768283745,24.9640988343912,62.8998803513937,8331333685.75903,7517414741.57321,9200869824.96735,8214551975.46634,0.000178734635949431,0.000649320991334306,0.000198207376309045,0.000162157849079998,30.3605473687208,5.12455687310721,4.07412324661703,560287.729851547,18.7538518340959,1201042941.11698,3.89871773792359,0.112884629519148,81,19.893433195348,954852700,0.000732406583423246,0.00229645621213669,77.30587,2.25202095640987e-10,0.000228309761509085,0.0231379053176208,"Cascode_Null_Pin_1",65,3.3,1.6,0.01,1
