CURRENT_0_BIAS,MOSFET_0_8_L_BIASCM_PMOS,MOSFET_0_8_M_BIASCM_PMOS,MOSFET_0_8_W_BIASCM_PMOS,MOSFET_17_7_L_BIASCM_NMOS,MOSFET_17_7_M_BIASCM_NMOS,MOSFET_17_7_W_BIASCM_NMOS,MOSFET_5_2_L_LOAD1_PMOS,MOSFET_5_2_M_LOAD1_PMOS,MOSFET_5_2_W_LOAD1_PMOS,MOSFET_8_2_L_gm1_PMOS,MOSFET_8_2_M_gm1_PMOS,MOSFET_8_2_W_gm1_PMOS,gen,index,av0,av17,av5,av8,ft0,ft17,ft5,ft8,gm0,gm17,gm5,gm8,CMRR,FOML,FOMS,FOM_AW,PSRR,SR,chip_area,d_settle,fitness,gain,gbw,ivdd_27,noise,pm,settlingTime,tc,vos,Topo,Tech_nodes,VDD,VCM,CL,RUN
11,1.7,30,2,0.9,30,2,1.7,3,1.72,1.25,11,1.98,13,49,941,70,948,108,100000000,100000000,100000000,100000000,0.00623,0.0458,4.39e-05,9.06e-05,20.8520976866983,92.3534677705039,156.838761091006,491.502600984544,15.2138101687125,5937101.80658694,35.5808094343004,0.0575802684425209,302,34.3817012347498,10082650,7.9366324770698e-05,0.000176829866890018,70.88283,2.1729170435184e-08,1.14399084726743e-05,0.00462582213465068,"Cascode_Null_Pin_1",40,0.9,0.3,1,0
9.59,1.7,30,2,0.9,30,2,1.7,5,1.67,1.25,12,1.97,13,26,941,70,948,108,100000000,100000000,100000000,100000000,0.00623,0.0461,5.32e-05,9.1e-05,31.7375938389249,110.841798874891,181.367890452865,19.0895975212043,26.863858665791,6232893.18210983,35.7979049666318,0.126101577868895,403,36.0052386027562,10198740,6.94226359781654e-05,0.000177213679406481,70.07131,3.13315322114811e-08,8.44167594546252e-06,0.00221268287463883,"Cascode_Null_Pin_1",40,0.9,0.3,1,0
12.7,1.7,30,2,2.31,30,2,1.7,6,2.61,1.25,25,2.02,27,61,1000,70,987,123,100000000,100000000,100000000,100000000,0.0379,0.0628,0.000106,0.000145,42.8327335065456,121.98557448713,181.30524116431,1.80559465295257,36.0329075052611,9011620.60534287,44.3361477803383,0.0925448504792441,355,41.0124665198206,13393830,9.12030589209886e-05,0.000185733943020222,45.02668,2.2760327442504e-08,4.16045408911492e-06,0.0015027031578882,"Cascode_Null_Pin_1",40,0.9,0.3,1,0
